{
  "created_at": "2026-03-14T23:10:26.601572+00:00",
  "decision_threshold": -0.42373325114497773,
  "feature_names": [
    "rms_db_mean",
    "rms_db_std",
    "zero_crossing_rate_mean",
    "zero_crossing_rate_std",
    "abs_diff_mean",
    "abs_diff_std",
    "frame_flux_mean",
    "frame_flux_std",
    "peak_to_rms_mean",
    "peak_to_rms_std"
  ],
  "metrics": {
    "leave_one_out_accuracy": 0.9655172413793104,
    "sample_count": 29,
    "sample_counts_by_label": {
      "not_shower": 16,
      "shower_on": 13
    },
    "training_accuracy": 1.0
  },
  "model_type": "centroid_detector",
  "normalization_means": [
    -45.66841717424064,
    8.483813433811582,
    0.08690529654623533,
    0.0399775858102383,
    0.0016016711005218454,
    0.0016781112122959618,
    1.2321804186393475,
    1.8824461513552173,
    3.1316848458914923,
    0.7369511199408564
  ],
  "normalization_stds": [
    5.9802185926630065,
    3.3880804989531943,
    0.055668591196546324,
    0.028188682248577804,
    0.0009534720886953178,
    0.001077196952875231,
    0.6790877654903531,
    0.9496334286511315,
    0.20541436501091762,
    0.3548911628446178
  ],
  "not_shower_centroid": [
    0.07196592431620498,
    0.024966030000714554,
    -0.787495489903942,
    -0.835562880078819,
    -0.4315197353856738,
    0.09793726479998313,
    0.1997555540689875,
    0.13662406047375578,
    -0.2951304762714018,
    0.28996522809622055
  ],
  "shower_centroid": [
    -0.08857344531225265,
    -0.0307274215393406,
    0.9692252183433145,
    1.0283850831739305,
    0.531101212782368,
    -0.12053817206151764,
    -0.24585298962336924,
    -0.16815268981385337,
    0.3632375092571077,
    -0.35688028073380984
  ],
  "version": 1
}